,Text,Disposition
398,Don't need any Becky,NOT_INTRESTED
148,I'm not interested,NOT_INTRESTED
530,you got the wrong number motherfucker.,DNC
866,"No, I don't want",NOT_INTRESTED
180,"You keep calling a business. You just call me about three, four times a day.",DNC
476,Quit calling me.,DNC
764,I don't need anything.,NOT_INTRESTED
75,"No, thank you",NOT_INTRESTED
139,I don't need any.,NOT_INTRESTED
160,Please don't call this,DNC
491,you got to stop calling me,DNC
721,stop calling my phone number.,DNC
119,"No, I'm not.",NOT_INTRESTED
617,It's fucking morning.,DNC
59,I'm not interested.,NOT_INTRESTED
921,take my number out this,DNC
512,I'm not interested,NOT_INTRESTED
916,Put me on your no call list.,DNC
69,Is this a spam call,DNC
19,Please don't call this number again,DNC
551,I'm not interested in this.,NOT_INTRESTED
859,"can you not call me anymore please? Okay, can you not call me anymore please?",DNC
501,Stop calling me.,DNC
629,"No, that's okay",NOT_INTRESTED
761,you can just fuck off,DNC
785,"I'm not interested,",NOT_INTRESTED
286,you don't have to do all that crap.,DNC
599,"Never mind, no",NOT_INTRESTED
389,I already got this shit done.,DNC
595,I don't need nothing like that,NOT_INTRESTED
519,And I feel like y'all harassing me,DNC
636,I'm not interested.,NOT_INTRESTED
935,This is a business line. And I appreciate if you guys stop calling it.,DNC
984,I wouldn't be interested in it.,NOT_INTRESTED
769,Stop fucking calling me.,DNC
132,Doesn't need to be called by anything. It's a business. Please don't call us number again.,DNC
485,I want you to take me off your list.,DNC
320,Take me off the list,DNC
838,I'm not interested.,NOT_INTRESTED
469,I don't need any insurance mail.,NOT_INTRESTED
357,I'm not interested in life insurance,NOT_INTRESTED
168,Take me off your list,DNC
454,"What do you want you Indian motherfucker, stop calling me",DNC
410,Thanks for fucking talking about me.,DNC
243,I don't need it,NOT_INTRESTED
145,I've asked you repeatedly not to call me anymore.,DNC
812,Stop calling here.,DNC
514,I'm not even looking for you.,NOT_INTRESTED
820,Stop calling me,DNC
189,"I'm a fucker, it has called me about 20 minutes ago.",DNC
944,I'm not interested.,NOT_INTRESTED
16,Please lose my number.,DNC
736,Take me off your call list.,DNC
481,you guys keep calling me,DNC
489,I'm not answering that.,NOT_INTRESTED
663,please take me off your list.,DNC
100,you keep calling me.,DNC
348,I don't need anything.,NOT_INTRESTED
450,I'm not interested.,NOT_INTRESTED
171,I'm not interested in.,NOT_INTRESTED
546,I don't think I'm interested,NOT_INTRESTED
235,y'all do not call.,DNC
403,I'm not interested.,NOT_INTRESTED
689,this is a hospital and we need this number removed from your,DNC
515,I don't know.,NOT_INTRESTED
856,Don't call me anymore.,DNC
855,I don't think I'd be interested.,NOT_INTRESTED
212,I'm not interested.,NOT_INTRESTED
24,You have called a business.,DNC
351,"Take me off your list, please",DNC
960,Shut up.,DNC
13,"Can you take this number off the call list,",DNC
470,", I'm not interested.",NOT_INTRESTED
195,I don't need anything.,NOT_INTRESTED
318,I don't need your insurance.,NOT_INTRESTED
993,"Well, I'm not really ready for that now. So I'm going to hang up. Thank you.",NOT_INTRESTED
617,Don't want to talk to you.,NOT_INTRESTED
158,I'm not interested in it.,NOT_INTRESTED
459,I know all day shit,DNC
762,No.,NOT_INTRESTED
925,I'm not interested.,NOT_INTRESTED
441,I'm not interested in that.,NOT_INTRESTED
869,I don't need life insurance.,NOT_INTRESTED
642,Do not call this.,DNC
863,I'm not.,NOT_INTRESTED
355,this is a business phone,DNC
415,None of your fucking business.,DNC
478,"if you're trying to tell me a bunch of junk anymore, don't call it more.",DNC
480,I don't want to,NOT_INTRESTED
711,Not worth a damn. I'm tired of y'all calling.,DNC
517,I'm sick and tired of you people calling me every frickin' day.,DNC
363,"No, thank you.",NOT_INTRESTED
964,Please take me off your list.,DNC
213,Is illegal?,DNC
262,I'm not interested.,NOT_INTRESTED
253,I am not interested in a life insurance.,NOT_INTRESTED
575,Please don't call back here again.,DNC
298,I'm not interested.,NOT_INTRESTED
215,why don't you just tell me what you want and then take my name off your call list,DNC
305,you keep calling me.,DNC
960,I don't want to talk about burial right now,NOT_INTRESTED
282,Why are you calling a business,DNC
930,I ain't a fucking senior.,DNC
544,I'm not interested.,NOT_INTRESTED
342,take me off to this,DNC
39,take us off your playlist.,DNC
907,What the fuck,DNC
121,Don't need it. Don't need it.,NOT_INTRESTED
754,you might have the wrong number,DNC
453,this is a business,DNC
380,Take me off your list.,DNC
406,"Fuck you, your motherfucker",DNC
194,Put me on your do not call it.,DNC
44,Please don't call here again,DNC
289,I don't want to do that.,NOT_INTRESTED
833,I'm not interested in that.,NOT_INTRESTED
36,You can take this phone number off your list,DNC
401,I don't need anything.,NOT_INTRESTED
951,Can you please take me off the list?,DNC
161,I'm not interested in it.,NOT_INTRESTED
67,Stop calling me,DNC
442,You're calling me several times because please stop calling me.,DNC
460,Don't call me again.,DNC
648,Leave me alone.,DNC
961,Take me off your list,DNC
383,I'm not interested.,NOT_INTRESTED
486,I'm not interested in that.,NOT_INTRESTED
902,This is a business.,DNC
616,I don't know why you guys keep calling me.,DNC
883,"I'm kind of not interested,",NOT_INTRESTED
266,Don't call me again.,DNC
640,"I'm fucking party, bitch.",DNC
199,I'm not interested.,NOT_INTRESTED
782,why y'all keep calling,DNC
399,this is a four-time job trying to scam people in. I mean...,DNC
510,"I mean, why do you all even call me",DNC
386,Could you take me off to the calling list,DNC
233,I am not interested.,NOT_INTRESTED
42,You said you wanted to lick my asshole.,DNC
961,"No, I'm really not interested, ma'am.",NOT_INTRESTED
217,This is a scam call.,DNC
630,"No, no, no, no, no.",NOT_INTRESTED
163,Can you take me off your list,DNC
808,You can take me off your list.,DNC
4,You need to put me on your no-call list.,DNC
565,so you can take me off your list.,DNC
145,I don't need any lab insurance,NOT_INTRESTED
916,I'm not ready,NOT_INTRESTED
333,I won't be needing any of this time.,NOT_INTRESTED
332,I'm not interested in.,NOT_INTRESTED
739,"No, we're not enticing this.",NOT_INTRESTED
649,I'm not interested,NOT_INTRESTED
134,I'm not only no damn benefit.,DNC
152,I have asked you guys several times to stop calling me.,DNC
683,"I'm not interested,",NOT_INTRESTED
467,I don't need any.,NOT_INTRESTED
127,I do not need access.,NOT_INTRESTED
215,I don't want to take care of that.,NOT_INTRESTED
177,I'm not interested.,NOT_INTRESTED
319,I'm not interested.,NOT_INTRESTED
958,Can you delete this number?,DNC
556,"Ma'am, what the hell is this gonna keep on bothering me? Please don't bother me on my word.",DNC
124,And I would like if you please don't call us again,DNC
102,"I don't need any help. We have our plot, we've got everything",NOT_INTRESTED
498,you don't call me one time today.,DNC
457,Please do not call here again.,DNC
8,You call the business fine.,DNC
766,"Why don't you just hang up, you fucking idiot.",DNC
276,I just think you called the wrong number,DNC
501,I hope I care about myself.,NOT_INTRESTED
896,I don't need to get it,NOT_INTRESTED
224,I'm not interested though.,NOT_INTRESTED
890,"No, ma'am,",NOT_INTRESTED
561,I'm really not interested in,NOT_INTRESTED
15,Can you please take me off your call list,DNC
798,I don't need,NOT_INTRESTED
779,please don't bother me again.,DNC
583,I'm not interested.,NOT_INTRESTED
846,Put me on a do not call list.,DNC
818,No. Thank you.,NOT_INTRESTED
620,"No, no, I don't need",NOT_INTRESTED
33,"I don't need any. So, goodbye",NOT_INTRESTED
247,o could you please take us off your list?,DNC
747,please stop wasn't calling me.,DNC
992,Please take me off your call list.,DNC
187,m on the Do Not Call list.,DNC
831,don't call back,DNC
832,"Take me off the call,",DNC
291,I'm not interested.,NOT_INTRESTED
289,I'm doing fancy quick calling.,DNC
198,Why do you keep calling me?,DNC
778,take me off your list.,DNC
96,"I'm not interested, ma'am",NOT_INTRESTED
494,"don't need anything,",NOT_INTRESTED
9,please take me off the call list.,DNC
368,I don't need none of that stuff.,NOT_INTRESTED
331,we don't need any life insurance,NOT_INTRESTED
952,"don't call me anymore,",DNC
242,I don't need any of that.,NOT_INTRESTED
614,I do not want insurance.,NOT_INTRESTED
675,I would like to be placed on the do not call list,DNC
650,"can you take this number off your call-up, please",DNC
937,None of you are fucking business.,DNC
259,would you quit calling me,DNC
938,I don't need to,NOT_INTRESTED
496,"I don't give a shit, don't go to hell.",DNC
254,I don't need this.,NOT_INTRESTED
756,I'm going to talk to you about your representative.,DNC
306,I'll take the action off you.,DNC
299,I've told you to freak easily that to call me.,DNC
945,I don't need it.,NOT_INTRESTED
660,why don't you just fuck off?,DNC
800,"No, I'm not",NOT_INTRESTED
599,Could you take my name off your list?,DNC
911,"I'm not interested,",NOT_INTRESTED
590,Fuck you,DNC
576,I can't participate with anything,NOT_INTRESTED
684,I am not interested,NOT_INTRESTED
88,I wish every one of you people would take me off your list and put a call in the every single day.,DNC
940,I don't need it.,NOT_INTRESTED
260,I asked you not to call me again.,DNC
399,I am not interested.,NOT_INTRESTED
431,Every fucking day.,DNC
621,Will you stop calling this number?,DNC
682,Stop calling me,DNC
456,quit calling me,DNC
66,Please remove this number from your listing.,DNC
165,Can you remove this number from your calling list?,DNC
787,don't call me anymore.,DNC
41,Take my name off your list.,DNC
963,I don't need anything.,NOT_INTRESTED
482,Why do you keep on calling me?,DNC
822,"No, thank you.",NOT_INTRESTED
618,I'm not even ready.,NOT_INTRESTED
977,we wouldn't be interested.,NOT_INTRESTED
850,None of your fucking business.,DNC
538,I don't need any other.,NOT_INTRESTED
520,"I'm not going to tell you,",NOT_INTRESTED
127,I would like for you not to call me again.,DNC
247,I'm not interested.,NOT_INTRESTED
267,What kind of a damn phone?,DNC
629,I'm not fucking calling you.,DNC
457,I don't need anything right now.,NOT_INTRESTED
882,Please stop calling.,DNC
312,Not interesting,NOT_INTRESTED
155,you people have called me like 20 times a day. I'm getting tired of it.,DNC
720,I told them to take my name off the list,DNC
32,I've only had over 100 calls.,DNC
48,please stop calling me,DNC
74,"No, I'm not interested",NOT_INTRESTED
733,I'm not interested.,NOT_INTRESTED
770,This is harassment.,DNC
166,I'm not needing nothing.,NOT_INTRESTED
255,we're not interested,NOT_INTRESTED
367,I'm still on the no call list,DNC
803,Fuck you,DNC
840,I'm not interested in benefits.,NOT_INTRESTED
523,"No, no, no",NOT_INTRESTED
634,Can you take me off your call?,DNC
898,why you keep calling me.,DNC
385,Put me on no call list.,DNC
465,Can I go on a do not a call list?,DNC
558,I don't need to do that.,NOT_INTRESTED
836,"Could you remove me off your list, please?",DNC
664,No. No.,NOT_INTRESTED
904,I'm not interested.,NOT_INTRESTED
130,no life insurance.,NOT_INTRESTED
123,I'm not interested.,NOT_INTRESTED
940,take me off your list.,DNC
734,I'm not interested in all of you,NOT_INTRESTED
928,"y'all just keep calling me, and I'm tired of it.",DNC
615,So you can take me off your little list.,DNC
562,Don't call me no more.,DNC
4,I'm not interested in anything,NOT_INTRESTED
149,No. Thank you.,NOT_INTRESTED
807,"You guys have been calling me consistently,",DNC
63,You guys need to quit calling,DNC
906,"I'm not interested,",NOT_INTRESTED
468,. Fuck all you,DNC
67,I'm not interested,NOT_INTRESTED
395,"No, I don't think so.",NOT_INTRESTED
602,"No, I'm not ready",NOT_INTRESTED
978,I'm not ever going to die. You know... I'm not going to die.,NOT_INTRESTED
51,I wish everybody would stop calling me.,DNC
79,Remove my number from your lid.,DNC
380,I don't need that.,NOT_INTRESTED
400,I don't need your benefits.,NOT_INTRESTED
508,Nope.,NOT_INTRESTED
310,not interesting,NOT_INTRESTED
604,"I'm not interested,",NOT_INTRESTED
758,I do not need that.,NOT_INTRESTED
440,I don't need no insurance.,NOT_INTRESTED
723,"No, no, no, no, no, no.",NOT_INTRESTED
706,"No, I don't think you have money to do that,",NOT_INTRESTED
22,I've had a lot of people call,DNC
445,I don't need your help.,NOT_INTRESTED
837,Pick my name off the list please.,DNC
718,please stop calling.,DNC
568,I don't need it,NOT_INTRESTED
384,It's just a waste of time,DNC
581,Stop calling me,DNC
396,"Go fuck yourself, yes.",DNC
891,that already called me today,DNC
956,Please take me off this list.,DNC
865,we are a business. So if you could take us off the,DNC
910,we're not interested.,NOT_INTRESTED
700,You want to see guys be called every day? You've already called once today.,DNC
919,you're talking to the wrong person,DNC
751,You are about the third time someone has called your company. Please take our name off your list.,DNC
917,put me on my do not call list.,DNC
847,Stop calling me,DNC
238,Why don't you suck a dick?,DNC
571,Do me a favor and remove my fucking number.,DNC
941,I'm not interested.,NOT_INTRESTED
225,I don't need any.,NOT_INTRESTED
173,I'm not really interested in that.,NOT_INTRESTED
748,please take me off the list.,DNC
128,I'm not interested,NOT_INTRESTED
877,I'm not interested,NOT_INTRESTED
783,WLS TV transmitter site. That's who you called,DNC
757,Stop calling me,DNC
725,Take me off your call list,DNC
479,"We don't need it,",NOT_INTRESTED
535,I can't talk right now.,NOT_INTRESTED
567,You're calling from Gateway Auto Parts.,DNC
731,We don't want to talk to you.,NOT_INTRESTED
107,take me off and calling Leah.,DNC
908,I don't need any benefits.,NOT_INTRESTED
266,I don't need any extra life.,NOT_INTRESTED
795,Fuck you,DNC
933,can remove me from your call list.,DNC
204,Why do you guys call me every single day,DNC
272,I'm tired of getting phone calls.,DNC
619,I'm not interested in it.,NOT_INTRESTED
241,Don't call me back.,DNC
134,I'm not interested.,NOT_INTRESTED
273,You stupid motherfucker.,DNC
524,I don't need any.,NOT_INTRESTED
258,Can you take me off to the police place,DNC
349,I'm not interested.,NOT_INTRESTED
528,I'm not interested.,NOT_INTRESTED
97,I'm not interested.,NOT_INTRESTED
757,I got everything set up,NOT_INTRESTED
416,"I think you have the wrong number, sir.",DNC
707,Can you remove this number off y'all's list? This is a business.,DNC
957,I don't need your,NOT_INTRESTED
88,"No, I'm not interested",NOT_INTRESTED
545,I don't need to be this. So stop.,NOT_INTRESTED
799,Not interested.,NOT_INTRESTED
634,"No, not at this time,",NOT_INTRESTED
368,you're being a fucking ass right now,DNC
789,Please take us off the list.,DNC
303,I appreciate if you would take me off your call list,DNC
543,No.,NOT_INTRESTED
442,I don't need any.,NOT_INTRESTED
414,You must have a wrong number.,DNC
957,you guys stop calling. This is a business line.,DNC
467,I'm doing pretty good with your fucking cock check out.,DNC
726,"No, I wouldn't",NOT_INTRESTED
515,please take me off your list.,DNC
579,This is a business office.,DNC
243,you can remove me from your call list.,DNC
984,Take me off your,DNC
489,Do you like sucking dick?,DNC
167,I don't need none.,NOT_INTRESTED
541,don't call me,DNC
174,You call me today,DNC
362,I don't need it.,NOT_INTRESTED
994,we are at the restaurant. Now we are giving the business hour.,DNC
578,I don't need anything,NOT_INTRESTED
810,I need you to take me off the list.,DNC
150,I don't need it.,NOT_INTRESTED
864,Stop calling me,DNC
428,I don't need none of that.,NOT_INTRESTED
183,I don't need it,NOT_INTRESTED
557,Take this number off your call list.,DNC
436,Please take me off your list,DNC
946,I don't need no more.,NOT_INTRESTED
798,thank you for calling Usmania Fine Dining,DNC
768,put me on your do not call list.,DNC
776,No. Stop calling.,NOT_INTRESTED
379,I've received this call many times,DNC
838,fucking,DNC
631,", I'm not interested.",NOT_INTRESTED
169,Quick calling me,DNC
71,I wish you guys a quick calling.,DNC
315,I'm not interested.,NOT_INTRESTED
985,So I don't think I want to hear about anything.,NOT_INTRESTED
64,"I want you to take me off my calling list, off your calling list.",DNC
677,You're a goddamn company.,DNC
586,This is a business.,DNC
738,put me on your do not call us?,DNC
173,Can you please quick calling?,DNC
932,I don't need any more.,NOT_INTRESTED
140,quit calling this number as whole.,DNC
427,I'd like to be taken off the stand call.,DNC
221,I don't need you.,NOT_INTRESTED
642,m not interested in buying.,NOT_INTRESTED
755,"We don't need anything,",NOT_INTRESTED
553,I'm really not interested right now,NOT_INTRESTED
437,I'm not interested in that.,NOT_INTRESTED
672,you've called me already today,DNC
254,Don't call me no more,DNC
391,how many times are you going to call me?,DNC
390,Please take me off of you,DNC
481,I don't like this.,NOT_INTRESTED
748,"I'm not going to tell you,",NOT_INTRESTED
974,I don't need any.,NOT_INTRESTED
839,no. I'm not ready.,NOT_INTRESTED
448,I'm not interested.,NOT_INTRESTED
348,Take me off your list,DNC
140,I'm not interested.,NOT_INTRESTED
836,I'm not interested in insurance.,NOT_INTRESTED
466,Please remove us from your list.,DNC
889,". I don't need insurance,",NOT_INTRESTED
300,Can you please remove my number,DNC
217,I'm not interested.,NOT_INTRESTED
253,Take me off of the list,DNC
839,please remove my name from the list,DNC
997,Stop calling me,DNC
821,Stop calling me,DNC
580,"No, no, no, no. Don't call anymore. Don't call me.",DNC
673,Don't call me with that. Don't call me with that no more.,DNC
862,your calling the business.,DNC
236,"No, thanks",NOT_INTRESTED
242,do not call this number again.,DNC
379,I'm not really interested.,NOT_INTRESTED
527,"We don't need anything,",NOT_INTRESTED
772,Take me off your list.,DNC
347,I'm not interested,NOT_INTRESTED
407,His parents even sold my shit so quit calling me,DNC
321,I am not interested,NOT_INTRESTED
322,You have the wrong number.,DNC
250,Take me off your list.,DNC
724,I just had a call from now about 30 minutes ago.,DNC
101,I'm not interested,NOT_INTRESTED
681,I'm not interested in.,NOT_INTRESTED
393,I don't need license insurance.,NOT_INTRESTED
264,Please do not call me anymore,DNC
735,I'm trying to get tired of 100 people calling me every day.,DNC
737,"No, I'm not ready",NOT_INTRESTED
432,I don't need any interest,NOT_INTRESTED
77,How many times are you going to call me?,DNC
852,I'm not interested.,NOT_INTRESTED
308,I'm not interested.,NOT_INTRESTED
178,I don't need to.,NOT_INTRESTED
675,We don't need any of them.,NOT_INTRESTED
841,Please stop calling.,DNC
920,I don't deal with the phone.,NOT_INTRESTED
92,". No, I cannot use it. Thank you.",NOT_INTRESTED
553,you stop calling me.,DNC
537,fuck off,DNC
660,I'm not interested.,NOT_INTRESTED
765,You can put me on your do not call it.,DNC
338,Please take me off of your land,DNC
250,I don't talk to somebody about it,NOT_INTRESTED
492,Now why don't you go fuck a pig?,DNC
613,I've asked you guys to stop calling me.,DNC
229,could you take us off the list?,DNC
291,Can you take us off your phone with you,DNC
519,I don't want that.,NOT_INTRESTED
759,You have called the Fairfax County Police Department.,DNC
32,I'm not interested,NOT_INTRESTED
488,I have no interest in a final expense.,NOT_INTRESTED
337,I'm not interested,NOT_INTRESTED
240,Not fucking cool,DNC
208,I'm not interested.,NOT_INTRESTED
341,I don't need no of that.,NOT_INTRESTED
258,I'm not interested.,NOT_INTRESTED
578,This is like the seventh or eighth time you're told.,DNC
622,"Oh, oh. No",NOT_INTRESTED
661,Please don't call me right here.,DNC
418,Did you call me a little while ago?,DNC
414,I'm not interested,NOT_INTRESTED
538,I'd like my name removed from your call list,DNC
180,I'm not interested in nothing like that.,NOT_INTRESTED
949,I'm not interested in any more insurance.,NOT_INTRESTED
918,Take me off your list,DNC
362,"Oh, Jesus fucking Christ.",DNC
622,I think you're calling the wrong person for our company.,DNC
656,I'm not interested.,NOT_INTRESTED
704,I'm on the National Do Not Call for a S***.,DNC
739,Remove him from your,DNC
492,I am not interested in it,NOT_INTRESTED
5,I want to stop calling me.,DNC
137,I don't need it.,NOT_INTRESTED
542,you've called me a hundred times.,DNC
742,I'm not even looking for you.,NOT_INTRESTED
829,Fuck you,DNC
781,I'm really not interested right now,NOT_INTRESTED
378,somebody already called me about that. Okay.,DNC
318,I don't know why you keep calling me.,DNC
924,I'm not interested.,NOT_INTRESTED
652,No.,NOT_INTRESTED
895,I can't afford nothing right now,NOT_INTRESTED
651,y'all keep rolling my phone up.,DNC
670,Rather take me off the,DNC
304,"I've asked about 1,000 times to have my number taken off of your list",DNC
563,"No, Mom, thank you.",NOT_INTRESTED
627,take me off the list.,DNC
611,Take me off your list please.,DNC
549,I don't think I was interested.,NOT_INTRESTED
855,I'll take me off your phone list.,DNC
7,"I think you have the wrong number,",DNC
360,I'm not interested.,NOT_INTRESTED
825,Can you take me off the list?,DNC
448,"James, shut up.",DNC
319,Can you put me out here? Do not call with,DNC
10,Could you please take me off your list,DNC
934,Can you remove me from the call?,DNC
301,I got to tell you people to take my name off your list,DNC
181,I wish your company would stop calling me.,DNC
971,I'm not interested. I'm not interested.,NOT_INTRESTED
226,We're not interested. I,NOT_INTRESTED
159,I want you to take me off your fucking call-in list.,DNC
281,I don't want to do this,NOT_INTRESTED
76,I'm not interested.,NOT_INTRESTED
257,"Take me off your call list,",DNC
965,I don't need another insurance.,NOT_INTRESTED
366,I'm getting you the wrong number.,DNC
630,"I told you even last week, don't call this number",DNC
793,I don't need to know,NOT_INTRESTED
223,you guys keep calling me all the time. Can't you take me off your damn list?,DNC
943,I'm not interested.,NOT_INTRESTED
508,You call me about two times a day.,DNC
695,"put me on the do not call us, and don't call me that.",DNC
202,you guys will stop calling me.,DNC
192,Don't call this number number.,DNC
513,"No, thank you.",NOT_INTRESTED
429,do not call again,DNC
462,What do I have to do to get you to stop calling?,DNC
28,Please don't call it.,DNC
918,No thank you.,NOT_INTRESTED
659,You can take me off,DNC
743,I don't know.,NOT_INTRESTED
422,we're not interested at all,NOT_INTRESTED
201,you guys stop calling.,DNC
371,"No, thank you.",NOT_INTRESTED
694,Can you not stop calling here,DNC
695,I don't need any.,NOT_INTRESTED
50,You can fuck you.,DNC
278,I keep people don't call me anymore.,DNC
15,I'm not interested,NOT_INTRESTED
881,I'm not interested.,NOT_INTRESTED
430,I think you got the wrong number.,DNC
108," No, I don't want to talk to them",NOT_INTRESTED
512,I said fuck you.,DNC
284,I've asked you guys several times already to take me off your call list.,DNC
606,"No, not right now.",NOT_INTRESTED
867,take my number out of your damn calling list.,DNC
374,"Could you take me off your call list,",DNC
550, I want you to get my number off this column list. ,DNC
878,Stop calling me,DNC
383,I request that you put my name and my phone number on a do not call list.,DNC
14,"Oh, it only no interest",NOT_INTRESTED
702,Take me off the call list.,DNC
458,I want to fucking tell you and I find you and beat this fucking shit out of you.,DNC
537,I have no interest in talking to him.,NOT_INTRESTED
871,I'd be great if you ain't just fucking calling me.,DNC
482,I'm not interested,NOT_INTRESTED
321,I want you to stop calling me.,DNC
715,Stop calling me,DNC
584,Please don't call here.,DNC
701,Take my damn phone number out of your,DNC
29,I think you have the wrong number. I'm not.,DNC
19,"We're not interested,",NOT_INTRESTED
115,I'm going to turn you in for a vast mess.,DNC
759,I don't want it.,NOT_INTRESTED
988,You've been calling me every day.,DNC
692,Would you please take me off of your call list? I'm tired of getting these phone calls.,DNC
449,Taking off your goddamn list.,DNC
724,"No, thank you",NOT_INTRESTED
30,"No, no. I'm sorry.",NOT_INTRESTED
738,I'm not interested.,NOT_INTRESTED
474,"No, I'm not interested.",NOT_INTRESTED
499,I'm not interested right now,NOT_INTRESTED
314,I'm not interested,NOT_INTRESTED
843,Why do you all keep calling me?,DNC
23,You have a wrong number,DNC
146,I'm not interested in this.,NOT_INTRESTED
643,I'm not,NOT_INTRESTED
64,"No, thank you. Bye",NOT_INTRESTED
589,Can you please remove my name?,DNC
772,I'm not interested.,NOT_INTRESTED
387,I'm not invited between any fucking age and none of your fucking business.,DNC
87,We're not interested.,NOT_INTRESTED
668,I don't need to get it,NOT_INTRESTED
558,Take me off your call,DNC
610,fucking,DNC
42,I am not interested. I'm not interested,NOT_INTRESTED
775,you got the wrong number. Don't call us.,DNC
933,I'm not going to give you that information.,NOT_INTRESTED
197,Quick calling,DNC
376,I'm not interested in any of that.,NOT_INTRESTED
935,I'm not interested.,NOT_INTRESTED
44,I don't want to talk to you,NOT_INTRESTED
975,"No, thank you. That's okay. Thank you for calling.",NOT_INTRESTED
976,"No, thank you.",NOT_INTRESTED
903,take me off the call-up please,DNC
631,would you people please quit calling?,DNC
841,do not need no interest.,NOT_INTRESTED
38,So I don't need it,NOT_INTRESTED
880,No.,NOT_INTRESTED
270,We don't need that.,NOT_INTRESTED
175,I don't need any.,NOT_INTRESTED
792,Don't call me again.,DNC
23,I won't need it,NOT_INTRESTED
10,I'm not interested,NOT_INTRESTED
453,"I don't need insurance now,",NOT_INTRESTED
433,I think we have the wrong numbers here. Sorry.,DNC
330,I'm not interested.,NOT_INTRESTED
680,"You guys called me on Friday, and I asked them then to take me off your calling list.",DNC
477,I can tell them to go fuck himself.,DNC
396,I don't need this.,NOT_INTRESTED
557,"I'm not interested,",NOT_INTRESTED
345,I'm going to fuck you in my ass.,DNC
585,"No, thank you.",NOT_INTRESTED
61,I'm not interested,NOT_INTRESTED
786,Stop fucking call,DNC
110,Can you back off?,DNC
579,I'm not interested in anything,NOT_INTRESTED
904,This number is on the national do not call,DNC
370,your not supposed to call me by me Senior Benefits.,DNC
756,I'm not interested.,NOT_INTRESTED
25,taking us off your call list,DNC
632,I'm not.,NOT_INTRESTED
547,"No, thank you.",NOT_INTRESTED
707,"We don't need it,",NOT_INTRESTED
505,I'm not interested.,NOT_INTRESTED
890,Can you take me off your,DNC
644,Who is fucking calling me?,DNC
722,Stop calling me,DNC
920,fucking,DNC
717,please remove me from your list.,DNC
540,I wouldn't be interested.,NOT_INTRESTED
92,it was known for damn good.,DNC
49,please don't call again,DNC
500,stop calling.,DNC
268,"No, thank you.",NOT_INTRESTED
490,It doesn't stop. It's like so annoying,DNC
667,I can't afford nothing right now,NOT_INTRESTED
516,"No, no, thank you.",NOT_INTRESTED
989,I don't want,NOT_INTRESTED
702,"No, I'm not interested.",NOT_INTRESTED
339,I'm not interested.,NOT_INTRESTED
784,I don't want to do anything.,NOT_INTRESTED
212,I fucking fuck you everybody.,DNC
302,I've done talk to 20 people a bit about that,DNC
106,I'm not interested,NOT_INTRESTED
464,Take me off your list,DNC
176,I don't need your service,NOT_INTRESTED
323,Somebody already call me,DNC
872,Don't call again.,DNC
580,"No, thank you",NOT_INTRESTED
99,I'm not interested in these,NOT_INTRESTED
625,I really am not interested.,NOT_INTRESTED
296,I'm not going to give you any information,NOT_INTRESTED
367,I'm not interested.,NOT_INTRESTED
196,I'm not interested.,NOT_INTRESTED
731,Please take me off your call.,DNC
522,This is the 10th call. Do not call me again.,DNC
196,remove this number from your calling list.,DNC
531,If you guys stop calling me please.,DNC
435,Please kill yourself.,DNC
790,Please remove my name from your list.,DNC
608,I'm not interested in insurance.,NOT_INTRESTED
939,How do I get off of this list?,DNC
787,We are definitely not interested in,NOT_INTRESTED
285,I don't need any.,NOT_INTRESTED
746,"No, no.",NOT_INTRESTED
443,not interested.,NOT_INTRESTED
334,Stop calling me.,DNC
727,I'm not interested right now,NOT_INTRESTED
997,I'm totally uninterested.,NOT_INTRESTED
288,I don't need it.,NOT_INTRESTED
752,I'm tired of y'all calling me. I get 10 calls for more days from y'all. Take me off your list.,DNC
607,Why in the world don't you quit calling me?,DNC
359,Do not call us.,DNC
65,I do not call it.,DNC
223,I don't need it.,NOT_INTRESTED
790,I'm not interested.,NOT_INTRESTED
410,I don't need insurance.,NOT_INTRESTED
837,I'm not interested in life insurance.,NOT_INTRESTED
312,I wish all you guys the last time with quick calling my number. You're not calling me again.,DNC
644,not right now. Not interested.,NOT_INTRESTED
483,", I'm not interested",NOT_INTRESTED
507,I don't need that.,NOT_INTRESTED
715,"No, thank you.",NOT_INTRESTED
802,Don't bother me again with this.,DNC
732,I'm not impressed with that.,NOT_INTRESTED
646,None of your business.,NOT_INTRESTED
141,I'm trying to get myself off the list.,DNC
604,I appreciate not getting the calls.,DNC
31,Would you please take me out for your ear?,DNC
922,"No, thank you.",NOT_INTRESTED
461,Put me on your DNC list.,DNC
638,Put me on your do not call list,DNC
472,Just take my number off your list.,DNC
828,"No, I am. No,",NOT_INTRESTED
73,Please put me on a do not call list.,DNC
170,You don't need to call back no more.,DNC
411,I don't need no insurance.,NOT_INTRESTED
928,I'm not interested.,NOT_INTRESTED
406,not interested.,NOT_INTRESTED
208,I wish you all a quick calling here,DNC
591,please don't call no more.,NOT_INTRESTED
693,is there any way that you can take me off your list of people to call?,DNC
534,No.,NOT_INTRESTED
779,I'm not interested in this.,NOT_INTRESTED
197,not interesting.,NOT_INTRESTED
71,"No, be honest with you. I don't need anything.",NOT_INTRESTED
911,fuck this shit,DNC
295,I don't need that,NOT_INTRESTED
938,stop calling.,DNC
193,We don't need anything.,NOT_INTRESTED
994,I'm not interested in anything,NOT_INTRESTED
307,Please take me off your call.,DNC
0, I'm not interested.,NOT_INTRESTED
927,I don't need any information.,NOT_INTRESTED
46,I don't need any additional insurance. Thank you,NOT_INTRESTED
511,I want you to stop calling me,DNC
594,"No, thank you.",NOT_INTRESTED
791,"No, Mom, thank you.",NOT_INTRESTED
769,I don't appreciate this call.,NOT_INTRESTED
269,Please take me off your list.,DNC
349,Can you take me off your list?,DNC
858,"No, no, no, no, no.",NOT_INTRESTED
876,stop calling,DNC
424,I'm not interested,NOT_INTRESTED
385,I'm not interested in any.,NOT_INTRESTED
386,I'm not interested,NOT_INTRESTED
474,I want you guys to take me off here and do not call this.,DNC
530,I do not need that.,NOT_INTRESTED
478,"No, I don't think you have money to do that,",NOT_INTRESTED
205,I'm not interested ,NOT_INTRESTED
560,Please take me off your calling list.,DNC
699,I'm not interested.,NOT_INTRESTED
81,This is the business center.,DNC
21,Will you take me off to this?,DNC
897,"No, thank you",NOT_INTRESTED
85,I'm a lot of fucking senior and go fuck yourself.,DNC
72,could you take me off your call list please,NOT_INTRESTED
434,I'm not interested,NOT_INTRESTED
415,"No, thank you.",NOT_INTRESTED
645,"I don't like these calls. You guys keep calling me all the time,",DNC
652,would you come take the number out?,DNC
105,I'm not interested,NOT_INTRESTED
365,I'm not interested.,NOT_INTRESTED
232,please stop calling me,DNC
179,Is this a real person or a fucking computer,DNC
156,I'm not buying them.,NOT_INTRESTED
375,You seem to keep calling for some stupid reason,DNC
805,Please take me off your list,DNC
545,"If you ever call me again, I'm going to please put you in jail.",DNC
214,I don't want you to take any information,NOT_INTRESTED
973,I'm not interested.,NOT_INTRESTED
673,I don't need any,NOT_INTRESTED
680,I don't need any benefits.,NOT_INTRESTED
564,"No, I'm not.",NOT_INTRESTED
987,Is there any way y'all could take my number out this,DNC
182,Can you stop calling me?,DNC
190,I don't want to take out any more issues.,NOT_INTRESTED
958,I'm not interested.,NOT_INTRESTED
656,Can you stop calling my line?,DNC
974,Who the fuck are you?,DNC
986,I'm not interested in a life insurance.,NOT_INTRESTED
620,Take me off your list.,DNC
705,I don't need all of that,NOT_INTRESTED
806,can you please stop calling?,DNC
532,Don't call me again.,DNC
750,I don't need funeral expenses,NOT_INTRESTED
700,I don't want to talk about that.,NOT_INTRESTED
753,take me off your calling list,DNC
249,So don't call me back.,DNC
947,I'm not interested in insurance.,NOT_INTRESTED
425,"No, thank you.",NOT_INTRESTED
328,I'm not interested,NOT_INTRESTED
924,Please take us off your,DNC
971,pussy,DNC
600,"No, I am. No,",NOT_INTRESTED
893,I'm not interested.,NOT_INTRESTED
932,I've asked several times if you guys had quit calling me,DNC
807,I'm not interested in anything,NOT_INTRESTED
767,this damn call.,DNC
505,You're a piece of crap.,DNC
955,"No, I'm not looking for that.",NOT_INTRESTED
671,don't call me anymore.,DNC
870,How come you keep calling me?,DNC
91,"No, thank you.",NOT_INTRESTED
58,fucking bother fucking ass lackin' in the morning. This is shit.,DNC
123,Take me off your lips.,DNC
277,I'm not interested.,NOT_INTRESTED
240,Not interested.,NOT_INTRESTED
544,I wish there was some way that we could get through to you to get you to quick calling us,DNC
413,Please don't call back.,DNC
112,I don't need anything,NOT_INTRESTED
952,I don't need no license.,NOT_INTRESTED
856,I'm not interested.,NOT_INTRESTED
192,"No, I wouldn't.",NOT_INTRESTED
172,I think we won't be interested.,NOT_INTRESTED
913,"I'm not interested,",NOT_INTRESTED
176,this is about my 15th call.,DNC
263,I don't want to know nothing now.,NOT_INTRESTED
74,Y'all quit calling me,DNC
690,No thank you.,NOT_INTRESTED
184,I'm not interested,NOT_INTRESTED
709,do not call,DNC
394,I'm not interested in that.,NOT_INTRESTED
755,Please remove me from your call.,DNC
460,So I don't really need to get in,NOT_INTRESTED
686,Could you please remove me from your call list?,DNC
421,I don't need to talk to you all.,NOT_INTRESTED
227,I don't need to.,NOT_INTRESTED
662,Please don't call this number again.,DNC
954,I'm not interested in this.,NOT_INTRESTED
848,don't call me again.,DNC
992,"No, thank you. No, thank you.",NOT_INTRESTED
685,can I opt out of having this phone call?,DNC
683,damn list.,DNC
964,I'm not interested.,NOT_INTRESTED
69,"No, thank you.",NOT_INTRESTED
600,please do not call me again.,DNC
382,"nd I wish it could put calling. Take me off your call list, please.",DNC
421,"Get out of here, scammer",DNC
686,"I don't need,",NOT_INTRESTED
526,"Hey James, go fuck yourself.",DNC
338,We're not interested.,NOT_INTRESTED
797,No ma'am.,NOT_INTRESTED
596,Representative.,DNC
65,"No, no, no, no, no, no. I don't want it.",NOT_INTRESTED
999,Is there a way I can be taken off? Is there a way I can be taken off?,DNC
953,We... You call the business,DNC
981,I'm not interested in anything,NOT_INTRESTED
592,I'm not interested.,NOT_INTRESTED
781,Why do you guys keep calling me?,DNC
873,I don't need nothing.,NOT_INTRESTED
659,I wouldn't be interested.,NOT_INTRESTED
523,Go fuck yourself.,DNC
833,Can you take me off your call list,DNC
643,"Good, bitch, I don't give a damn who you are, bitch. Stop calling my goddamn...",DNC
861,I don't need that.,NOT_INTRESTED
199,So take me off your lips.,DNC
57,"No, I'd rather not.",NOT_INTRESTED
151,Can you take me off your list?,DNC
751,"No, no, no",NOT_INTRESTED
616,I don't think we've got anything to talk about.,NOT_INTRESTED
996,". I'm just talking about your do not call list, please.",DNC
325,no. Thank you.,NOT_INTRESTED
570,I don't need,NOT_INTRESTED
679,I don't want to talk to anybody.,NOT_INTRESTED
356,I don't need it.,NOT_INTRESTED
393,You don't need to call me no more,DNC
473,No thank you.,NOT_INTRESTED
896,don't call here.,DNC
830,please quit calling.,DNC
480,You realize you're calling Erie Insurance with this scam,DNC
267,I'm not interested.,NOT_INTRESTED
606,you got the wrong number.,DNC
612,bitch.,DNC
249,I don't want it,NOT_INTRESTED
554,Stop talking.,DNC
203,you need to not call me anymore.,DNC
203,I don't think I'm interested by investing right now,NOT_INTRESTED
705,Do not call this.,DNC
207,Would you please don't bother me again?,DNC
559,Would you take me off your call,DNC
649,you guys keep calling me.,DNC
865,I don't need nothing.,NOT_INTRESTED
498,"No, I wouldn't",NOT_INTRESTED
102,You please take me off your calling list,DNC
908,Please remove it from your,DNC
645,I don't need nothing.,NOT_INTRESTED
83,. I don't need any insurance,NOT_INTRESTED
120,No need.,NOT_INTRESTED
827,can you please take me off your call list,DNC
973,Stop calling people. You're really annoying.,DNC
729,I hope I care about myself.,NOT_INTRESTED
869,I have been asked to have my number removed from this call list.,DNC
172,The guy that called me this morning,DNC
122,I'm not interested.,NOT_INTRESTED
863,This is a business line.,DNC
618,This is a scam call.,DNC
335,I don't buy stuff for people that call me on the phone.,NOT_INTRESTED
449,I don't need any of that right now.,NOT_INTRESTED
423,Please don't call back.,DNC
763,I want you to remove my number from your call list.,DNC
647,"No, thank you.",NOT_INTRESTED
577,I don't need any of them,NOT_INTRESTED
718,I'm not interested now.,NOT_INTRESTED
774,I don't think I'm interested,NOT_INTRESTED
278,I don't think I need it,NOT_INTRESTED
744,"No, no, thank you.",NOT_INTRESTED
77,I'm not interested.,NOT_INTRESTED
341,Take my name off the call.,DNC
658,I think you've got a wrong number.,DNC
110,. I don't need this,NOT_INTRESTED
922,How do I get removed from your call list?,DNC
271,you need to take my name off your list.,DNC
445,Don't call me again.,DNC
371,I would like for you to quit tall on these scam likely.,DNC
18,"No, I should wouldn't",NOT_INTRESTED
47,"No, I don't want to let it return",NOT_INTRESTED
980,And I would also guarantee we go through this like three times a week. And I have repeatedly asked to be moved from your,DNC
75,don't call me again.,DNC
244,I don't need nothing like that.,NOT_INTRESTED
636,Please don't call here again.,DNC
827,"Never mind, no",NOT_INTRESTED
593,I'm not interesting.,NOT_INTRESTED
194,we're not interested.,NOT_INTRESTED
344,I'm not interested,NOT_INTRESTED
526,I'm not interested,NOT_INTRESTED
294,So please don't call me no more.,DNC
469,Who's the fucking carrier?,DNC
809,Stop calling me,DNC
936,Can you take me off your call list,DNC
886,You've stolen somebody's telephone numbe,DNC
633,I'm just like I was when you called me a couple hours ago. Bye bye.,DNC
674,"No, thank you.",NOT_INTRESTED
811,I'm not interested.,NOT_INTRESTED
980,"No, no. I don't want anything right now.",NOT_INTRESTED
713,Can you take me off,DNC
93,but y'all just keep calling and calling and calling.,DNC
201,no. Thank you.,NOT_INTRESTED
532,We don't need it.,NOT_INTRESTED
391,I'm not interested,NOT_INTRESTED
63,. I'm not interested. Sorry.,NOT_INTRESTED
560,. No. No. No.,NOT_INTRESTED
540,don't call back,DNC
962,How do you take me off of your call list,DNC
654,Please don't call me any more.,DNC
256,don't need anything whatever you offer.,NOT_INTRESTED
909,I'm not interested in.,NOT_INTRESTED
333,I have been called twice today and numerous times yesterday and the days before. Please don't call again.,DNC
221,Put me on your do not call list,DNC
605,I'm not interested in that.,NOT_INTRESTED
73,"I'm not ready to take on another expense. So no, thank you.",NOT_INTRESTED
804,I can't participate with anything,NOT_INTRESTED
463,I'm not interested,NOT_INTRESTED
709,I don't like this.,NOT_INTRESTED
527,Don't call us on her.,DNC
533,And quick calling me. You prick.,DNC
255,So can you please remove the number,DNC
791,. I wish you'd take me off your list.,DNC
334,I don't really like insurance.,NOT_INTRESTED
936,I'm not going to tell you.,NOT_INTRESTED
462,I don't need your money.,NOT_INTRESTED
264,no thank you.,NOT_INTRESTED
53,I'm not interested,NOT_INTRESTED
412,I don't need that yet.,NOT_INTRESTED
536,I don't need anything.,NOT_INTRESTED
536,Stop calling me,DNC
429,I'm not interested in any of that.,NOT_INTRESTED
131,I'm not interested,NOT_INTRESTED
436,I'm not interested in that.,NOT_INTRESTED
773,you just call a while ago.,DNC
819,Stop calling my ****,DNC
20,we're not interested,NOT_INTRESTED
202,I don't need anything,NOT_INTRESTED
597,I'm not interested in the final expense insurance.,NOT_INTRESTED
998,"No, I don't need it. I don't need it.",NOT_INTRESTED
587,"I'd like to be put on the do not call list, please.",DNC
741,Y'all done called 15 times this morning.,DNC
921,I'm not interested.,NOT_INTRESTED
275,I'm not interested in it. ,NOT_INTRESTED
730,Do not call me again.,DNC
119,please never call me back again.,DNC
818,scam logs,DNC
716,I have no interest in a final expense.,NOT_INTRESTED
364,You took my number of slides last.,DNC
761,I'm not interested.,NOT_INTRESTED
328,"I'd like you to stop calling me,",DNC
574,I'm not interested in this,NOT_INTRESTED
986,Can you put me on the,DNC
209,I told you to quit calling me.,DNC
234,I don't need it ,NOT_INTRESTED
745,"Oh, I wouldn't.",NOT_INTRESTED
257,I'm not interested,NOT_INTRESTED
701,No thank you.,NOT_INTRESTED
685,"I'm not interested,",NOT_INTRESTED
147,You call me 10 damn times about this,DNC
487,people like a son of a bitch.,DNC
910,fuck off.,DNC
907,I don't want to talk to anybody.,NOT_INTRESTED
222,It's a third time you people call me,DNC
302,I don't need a fee.,NOT_INTRESTED
397,Take me off your list.,DNC
813,I think you called it wrong number. This is Ross's store,DNC
14,Stop calling me. Fuck off.,DNC
948,Can you guys stop calling this number please?,DNC
657,I don't need that,NOT_INTRESTED
43,I don't need no burial insurance,NOT_INTRESTED
788,. No. No. No.,NOT_INTRESTED
11,I really don't need anything else.,NOT_INTRESTED
598,Please take me off your call list.,DNC
563,Please take me off your,DNC
688,I'm not ready,NOT_INTRESTED
902,"No, thank you.",NOT_INTRESTED
182,"no, I don't have to.",NOT_INTRESTED
313,"No, thank you very much",NOT_INTRESTED
861,this is a business line.,DNC
565,I don't need to know,NOT_INTRESTED
279,No thank you.,NOT_INTRESTED
750,"Don't call me,",DNC
114,Are you removing my number from your call list?,DNC
154,I would be doing better if you would take me off your call list.,DNC
147,I'm not interested in that,NOT_INTRESTED
635,I'm not.,NOT_INTRESTED
676,stop ringing me.,DNC
52,Don't call again.,DNC
840,fuck,DNC
625,please don't call Sam on the phone.,DNC
809,"No, I'm not.",NOT_INTRESTED
89,Don't be calling me dirty motherfuckers.,DNC
265,I'm not interested.,NOT_INTRESTED
0,he buries his shit in the back yard when he takes a shit,DNC
431,I don't need any benefits.,NOT_INTRESTED
880,stop calling over here.,DNC
479,What do I have to do to get you to stop calling me,DNC
104,I'm not interested,NOT_INTRESTED
78,"No, I'm not interested",NOT_INTRESTED
265,Don't pay us to shove them up your ass.,DNC
324,I'm not interested.,NOT_INTRESTED
239,I'm not interested.,NOT_INTRESTED
496,"No, thank you",NOT_INTRESTED
740,I'm not interested,NOT_INTRESTED
494,So what would you like to learn how a partner appreciate that motherfucking piece shit?,DNC
342,I don't want to answer.,NOT_INTRESTED
230,I don't need an insurance,NOT_INTRESTED
666,"I'm not interested,",NOT_INTRESTED
177,You can take me off your list.,DNC
27,but I don't need any of that. And I wish you could get me off the list somehow. Thank you.,NOT_INTRESTED
875,"No, thank you.",NOT_INTRESTED
977,Please don't call me again.,DNC
816,please do not call this number again.,DNC
487,"No, thank you.",NOT_INTRESTED
854,"No, it isn't.",NOT_INTRESTED
641,you guys call me about four or five times a week.,DNC
444,Stay from your listing.,DNC
484,Please take my number off your call list.,DNC
211, Not interested. ,NOT_INTRESTED
270,"I'm still alive, dog",DNC
157,I'm not interested in.,NOT_INTRESTED
411,please stop calling this number. I would appreciate it.,DNC
824,you're calling an elementary school.,DNC
153,Please don't call anymore.,DNC
408,I'm not interested in that,NOT_INTRESTED
562,I'm not interested.,NOT_INTRESTED
456,I don't need any live insurance supplies.,NOT_INTRESTED
528,how about you quit fucking calling me?,DNC
835,please stop calling in.,DNC
872,not right now. Not interested.,NOT_INTRESTED
931,I'm not interested.,NOT_INTRESTED
969,you don't call here anymore.,DNC
881,can you take my number out of,DNC
514,I'm going to take off our number.,DNC
340,You get the wrong number.,DNC
710,I'm not interested,NOT_INTRESTED
135,Take me off to this,DNC
894,just take me off that,DNC
906,taking her off your calling list.,DNC
717,I'm not answering that.,NOT_INTRESTED
878,Not interested.,NOT_INTRESTED
905,"Why do you keep calling me? Why do you keep calling me? Every time I block you, find another number of calls.",DNC
503,"Take me off your list,",DNC
803,I'm going to hang up.,NOT_INTRESTED
3,I don't need your insurance,NOT_INTRESTED
435,I do not need any more.,NOT_INTRESTED
337,Could you pick me off the list?,DNC
741,"No, thank you.",NOT_INTRESTED
151,I don't need any.,NOT_INTRESTED
628,check my name off this call and list,DNC
786,I don't need to do that.,NOT_INTRESTED
256,You've called a business.,DNC
219,Can you put me in a not cold list,DNC
988,You're not going to get anything out of me. I'm not holding up. Goodbye.,NOT_INTRESTED
773,I don't need to be this. So stop.,NOT_INTRESTED
475,I'm not interested,NOT_INTRESTED
397,I don't need a third one.,NOT_INTRESTED
129,I don't want,NOT_INTRESTED
374,I'm not interested.,NOT_INTRESTED
190,Would you please not call my number again,DNC
694,I have no help.,NOT_INTRESTED
317,I don't need any insurance.,NOT_INTRESTED
252,I'm putting on do not call this.,DNC
765,I have no interest in talking to him.,NOT_INTRESTED
497,do not call me back.,DNC
85,"No, no, no, no, thank you.",NOT_INTRESTED
308,You're speaking with a dispatcher at a business.,DNC
682,we're not interested.,NOT_INTRESTED
352,I'm not interested,NOT_INTRESTED
585,"Becky, would you quit calling me?",DNC
499,And you guys call from so many numbers.,DNC
543,take us off your list,DNC
18,Please take me after you call us.,DNC
979,Fuck off,DNC
972,I'm not interested.,NOT_INTRESTED
128,I don't want you to fucking call me no more at home.,DNC
942,I'm just not ready to decide. But thank you for telling. I'm not ready to decide.,NOT_INTRESTED
844,I don't think we've got anything to talk about.,NOT_INTRESTED
248,I don't need any more insurance,NOT_INTRESTED
697,Would you please put me on Do Not Call?,DNC
39,I'm not interested,NOT_INTRESTED
819,please don't call no more.,NOT_INTRESTED
500,I'm not in the middle of your funeral.,NOT_INTRESTED
879,I don't need no live insurance.,NOT_INTRESTED
909,Don't call here. No more. Don't call here.,DNC
303,I'm not interested.,NOT_INTRESTED
93,I'm not interested right now.,NOT_INTRESTED
714,Don't call me anymore.,DNC
777,Please don't call me anymore.,DNC
503,We don't want to talk to you.,NOT_INTRESTED
914,"I don't need,",NOT_INTRESTED
343,"No, thank you.",NOT_INTRESTED
295,So please remove our name,DNC
228,I don't need no shit. Let's get out of my phone.,DNC
956,"No, I'm not. No, I'm hang up. I'm hang up.",NOT_INTRESTED
6,"No, no, no. I don't need all of that. Thank you very much",NOT_INTRESTED
555,I'm not interested.,NOT_INTRESTED
573,"No, no.",NOT_INTRESTED
30,take my name off of your calling list.,DNC
143,No. Thank you.,NOT_INTRESTED
991,can you remove me from this list,DNC
6,Go fuck yourself!,DNC
298,I'd like you to stop fucking calling me.,DNC
539,No ma'am,NOT_INTRESTED
577,Please hang up and please take my name or if you'll call a list.,DNC
710,Please don't call me anymore.,DNC
547,Quit calling me,DNC
350,Not interested.,NOT_INTRESTED
115,I don't need that. I don't need tha,NOT_INTRESTED
722,"don't need anything,",NOT_INTRESTED
900,don't call no more.,DNC
188,I don't know why you guys keep calling me,DNC
55,Don't call anymore.,DNC
884,I'm not interested.,NOT_INTRESTED
280,I don't need no life insurance.,NOT_INTRESTED
575,I'm going to hang up.,NOT_INTRESTED
662,"No, ma'am,",NOT_INTRESTED
220,I don't need a final expense.,NOT_INTRESTED
97,please remove my number from your call list.,DNC
170,I don't need that to help my own financial estate.,NOT_INTRESTED
688,You've called the commercial number. Can you please take the number off your list,DNC
687,I'm not interested in,NOT_INTRESTED
162,I'd like you to quit calling me,DNC
834,How do you keep on calling people bullshit,DNC
94,I must tell what police quit calling. I don't need anything.,DNC
327,I'm not interested.,NOT_INTRESTED
139,You can take us off that call list,DNC
117,"No, thank you",NOT_INTRESTED
35,I don't need anything,NOT_INTRESTED
248,"Would you take me off your list, please?",DNC
213,I'm not interested.,NOT_INTRESTED
929,I don't need it.,NOT_INTRESTED
12,please stop calling.,DNC
603,Would you please take me off your call,DNC
976,shit,DNC
780,I don't need this,NOT_INTRESTED
388,Not worth a shit. I just buried my wife and if you fucking people don't quit calling,DNC
237,Take the FU list.,DNC
845,Don't want to talk to you.,NOT_INTRESTED
330,So you're going to call me every day?,DNC
566,"No, thank you.",NOT_INTRESTED
198,we don't need it.,NOT_INTRESTED
847,I'm not interested in it.,NOT_INTRESTED
472,I don't want to talk about that.,NOT_INTRESTED
62,I'm not interested.,NOT_INTRESTED
416,I am not interested,NOT_INTRESTED
210,I'm not interested.,NOT_INTRESTED
191,I don't need anything.,NOT_INTRESTED
288,People keep calling me. It's driving me crazy.,DNC
11,You have called a business.,DNC
853,I'm fucking horrible since you called. You called to put me on the call list.,DNC
12,I'm not interested,NOT_INTRESTED
156,I don't need this call anymore.,DNC
602,Stop calling me,DNC
995,I cannot afford,NOT_INTRESTED
117,You're calling list.,DNC
915,I'm not interested in,NOT_INTRESTED
317,I think you got the wrong number.,DNC
432,Please remove this from your list.,DNC
623,will you guys quit calling me at Medicaid?,DNC
627,I don't think I'd be interested.,NOT_INTRESTED
778,I'll take me off.,NOT_INTRESTED
546,Please don't call me.,DNC
996,"No, no, no, thank you. Goodbye.",NOT_INTRESTED
398,"Kiss my ass. Stop calling this goddamn number, you fucking jackass.",DNC
998,I've asked you guys not to call me anymore. So could you not call me anymore?,DNC
293,I'm not interested in this,NOT_INTRESTED
825,I'm not interested in the final expense insurance.,NOT_INTRESTED
455,I'm still not interested.,NOT_INTRESTED
853,I really am not interested.,NOT_INTRESTED
274,I don't need no final expense.,NOT_INTRESTED
592,You're calling off of a spoofed number.,DNC
25,I don't think I'm interested right now.,NOT_INTRESTED
122,So take my name off your list.,DNC
518,Quick calling me.,DNC
610,I'm not interested.,NOT_INTRESTED
926,Stop calling me,DNC
491,Don't need it,NOT_INTRESTED
990,I don't need it.,NOT_INTRESTED
86,"No, thank you.",NOT_INTRESTED
989,I don't need any shit.,DNC
663,I'm not interested in that.,NOT_INTRESTED
626,Don't call us.,DNC
455,I'm all shit.,DNC
81,. I don't need any more,NOT_INTRESTED
801,"No, no.",NOT_INTRESTED
551,Can I please be taking off the calling list?,DNC
913,I wish you would stop calling.,DNC
887,I wouldn't be interested.,NOT_INTRESTED
889,I'm fine as long as you people stop calling me. I get so many damn calls.,DNC
461,I don't think I'm interested.,NOT_INTRESTED
858,fuck off.,DNC
45,"No, I don't think so. Thank you.",NOT_INTRESTED
325,quit fucking calling me,DNC
525,I've asked to take my name off your call list.,DNC
369,so take me off the list,DNC
594,So you don't have to call me more with this. So you don't have to call me more with this.,DNC
488,Please take us off your call list,DNC
950,You must have a wrong number.,DNC
687,this is like the third time you've called this morning.,DNC
762,I want you to take my number off.,DNC
601,Are you fucking idiot?,DNC
346,I'm not interested.,NOT_INTRESTED
945,Could you please take me off your list?,DNC
116,Not really,NOT_INTRESTED
611,no. I'm not ready.,NOT_INTRESTED
691,I'm tired of these pain calls.,DNC
912,I am not interested,NOT_INTRESTED
332,Y'all won't stop calling me. So me and my husband is going to sue.,DNC
407,No. I don't care for it.,NOT_INTRESTED
447,we don't need any benefits.,NOT_INTRESTED
441,I wish I could quit calling me six times a day.,DNC
969,"Oh, but I'm not interested.",NOT_INTRESTED
874,This is a hospital room.,DNC
234,Don't call this number.,DNC
375,I don't need no business.,NOT_INTRESTED
712,I am not interested in this.,NOT_INTRESTED
152,I'm not interested.,NOT_INTRESTED
324,there is so many people keep calling.,DNC
394,quick. Call me.,DNC
104,Don't call me anymore.,DNC
126,I'm not interested in any of you.,NOT_INTRESTED
817,I don't need nothing.,NOT_INTRESTED
466,I have no help.,NOT_INTRESTED
570,fuck off,DNC
927,Could you take me off your mailing list?,DNC
17,Please take this number off your list,DNC
567,"No, I don't need any new benefits",NOT_INTRESTED
426,I'm not interested.,NOT_INTRESTED
783,I'm not interested.,NOT_INTRESTED
679,Take me out your list,DNC
684,Please do not call anymore,DNC
774,Can you take me off the,DNC
810,I won't need it.,NOT_INTRESTED
440,"I've already talked with somebody. I've asked you all to take me off your call list and stop calling me, please.",DNC
43,Do not call this please,DNC
723,don't call me.,DNC
387,I'm not interested in the insurance,NOT_INTRESTED
427,I'm not interested in further insurance.,NOT_INTRESTED
40,I am not interested,NOT_INTRESTED
129,I'm fucking shit over at my house.,DNC
125,Why do you keep calling me,DNC
316,I fucking said no.,DNC
224,I'm going to report it to whoever I can report it to from the police department to FCC and everybody else. Do not call.,DNC
109,wouldn't be interested in that anyway.,NOT_INTRESTED
486,Once called Senior you fucking shag it.,DNC
944,put me on a no-call list.,DNC
509,"No, I'm not ready",NOT_INTRESTED
962,I don't need a,NOT_INTRESTED
981,So if you can please remove it from your,DNC
252,I don't need your product.,NOT_INTRESTED
801,I don't give a fuck about that shit.,DNC
678,You take my name off your list.,DNC
29,we're not interested,NOT_INTRESTED
901,I don't need any,NOT_INTRESTED
185,take me off your list,DNC
229,I'm not interested right now.,NOT_INTRESTED
290,I just want to die,DNC
626,"No, it isn't.",NOT_INTRESTED
875,y'all keep calling me.,DNC
57,"you're a phony and a fraud, so stop calling.",DNC
782,I'm not interested.,NOT_INTRESTED
451,I don't think that we're interested.,NOT_INTRESTED
99,put me on your national do not call list.,DNC
106,If you're a please take her off the call list and quit calling.,DNC
719,you can take me off your phone list.,DNC
716,"this numbers on the do not call list, so please do not call.",DNC
734,"Could you please take me off the call list,",DNC
51,I don't want none,NOT_INTRESTED
484,I am not interested in this.,NOT_INTRESTED
677,"No, thank you",NOT_INTRESTED
768,I wouldn't be interested.,NOT_INTRESTED
830,"No, I'm not ready",NOT_INTRESTED
653,I'm not interested.,NOT_INTRESTED
216,I'm not interested in life insurance.,NOT_INTRESTED
345,I'm not interested.,NOT_INTRESTED
728,Don't call my phone anymore.,DNC
361,Please do not call me again. Do not call me.,DNC
55,I'm not interested in this,NOT_INTRESTED
439,I'm not interested.,NOT_INTRESTED
284,I'm not interested.,NOT_INTRESTED
846,I'm not even ready.,NOT_INTRESTED
942,wrong number.,DNC
770,I'm not interested.,NOT_INTRESTED
335,You call me so many times,DNC
41,I'm not interested,NOT_INTRESTED
708,Stop calling me,DNC
103,quick calling,DNC
828,Stop calling me,DNC
955,"Remove my number from your list, please.",DNC
912,this is a do not call number.,DNC
589,I don't need nothing.,NOT_INTRESTED
517,"Oh, I wouldn't.",NOT_INTRESTED
329,I'm not interested,NOT_INTRESTED
815,"No, I didn't buy anything.",NOT_INTRESTED
34,I don't need no more,NOT_INTRESTED
7,"No, no, no. I don't need all of that",NOT_INTRESTED
535,Your bothering me.,DNC
621,"but no, thank you.",NOT_INTRESTED
595,I'm tired of phone calls. Don't...,DNC
640,I'm not interested.,NOT_INTRESTED
166,Can you please stop calling my phone,DNC
118,You're calling me on the same different numbers all the time,DNC
814,I'm not interested,NOT_INTRESTED
982,I'm not interested.,NOT_INTRESTED
754,I'm not interested,NOT_INTRESTED
850,"Oh, oh. No",NOT_INTRESTED
808,"No, thank you",NOT_INTRESTED
425,I'd like to learn more about this scam,DNC
3,I don't want to remove my number from your call list.,DNC
428,"If you can stop calling, I'd appreciate it.",DNC
681,bitches?,DNC
764,I need to move my name from your list.,DNC
510,I'm not interested.,NOT_INTRESTED
408,You need to get this number off your list.,DNC
669,Could you take my number off,DNC
747,I don't want that.,NOT_INTRESTED
360,I think you got the wrong number.,DNC
811,Why you people keep calling me?,DNC
311,I'm not interested.,NOT_INTRESTED
473,Could you just stop calling me,DNC
438,Take me off the call list.,DNC
706,Please put me on the do not call.,DNC
31,I'm not interested,NOT_INTRESTED
941,"Shut up, bitch.",DNC
358,Take us off your list,DNC
153,Not interested,NOT_INTRESTED
647,"Becky, please leave my number, leave my number.",DNC
322,I don't need two of them,NOT_INTRESTED
279,just fuck yourself.,DNC
161,Would you stop calling me,DNC
714,I'm not interested in that.,NOT_INTRESTED
947,Fuck you,DNC
382,I'm not interested in this,NOT_INTRESTED
186,I don't need that.,NOT_INTRESTED
670,", I'm not interested in this plan",NOT_INTRESTED
277,"you've been favor of the shut up, please. Take my off-road list.",DNC
60,We're not interested. Thank you.,NOT_INTRESTED
365,Please stop calling me,DNC
516,You gonna let me fuck your big dick?,DNC
326,I'm not interested.,NOT_INTRESTED
268,I've actually all not to call me no more,DNC
758,I don't want any more calls.,DNC
796,I don't need it,NOT_INTRESTED
746,please don't call me no more.,DNC
336,I'm not interested,NOT_INTRESTED
305,I'm not interested.,NOT_INTRESTED
353,Fuck you guys. Stop calling.,DNC
282,I'm not interested in...,NOT_INTRESTED
802,I'm not interested in this,NOT_INTRESTED
857,"No, that's okay",NOT_INTRESTED
419,. I wish you would never call me again.,DNC
995,Why do you keep calling me? I don't want you to call me.,DNC
315,do you enjoy wasting my time every day,DNC
168,I don't need to buy anything.,NOT_INTRESTED
124,I don't need to.,NOT_INTRESTED
174,I'm not interested.,NOT_INTRESTED
204,I am not interested.,NOT_INTRESTED
703,I'm not interested,NOT_INTRESTED
465,"No, thank you.",NOT_INTRESTED
829,"no, I don't need you",NOT_INTRESTED
628,I'm not interested.,NOT_INTRESTED
529,Put me on the do not call,DNC
35,I'm going to ask again that you remove me from the call list and do not call this number again,DNC
113,I am not interested in any kind of insurance,NOT_INTRESTED
665,would you just take me off your list?,DNC
894,"I'm not interested,",NOT_INTRESTED
584,I'm not even interested,NOT_INTRESTED
799,What the fuck,DNC
800,I want to speak to a representative,DNC
309,Please stop calling.,DNC
608,off your list,DNC
167,I have got this call so many times and it's so annoying.,DNC
979,I don't need that.,NOT_INTRESTED
697,I don't need any insurance mail.,NOT_INTRESTED
736,Nope.,NOT_INTRESTED
207,I'm not interested.,NOT_INTRESTED
352,Don't call back.,DNC
504,I'm not impressed with that.,NOT_INTRESTED
895,Put me on your D not call list.,DNC
795,"No, I don't need any new benefits",NOT_INTRESTED
95,I wish you people a quick call on me please.,DNC
187,I'm not interested in any life insurance.,NOT_INTRESTED
16,I don't need that coverage,NOT_INTRESTED
112,please stop calling me.,DNC
70,Please keep an eye on your list.,DNC
263,Can you take me off your list,DNC
351,,NOT_INTRESTED
821,I'm not interesting.,NOT_INTRESTED
521,I would like to be taking off your call list.,DNC
548,No. Stop calling.,NOT_INTRESTED
874,None of your business.,NOT_INTRESTED
814,You got the wrong number,DNC
993,Can you take me off your list?,DNC
851,Don't call me again,DNC
569,No ma'am.,NOT_INTRESTED
359,I'm not interested,NOT_INTRESTED
603,I'm not interested.,NOT_INTRESTED
389,I don't need any benefits.,NOT_INTRESTED
108,Give your damn head. Don't call me.,DNC
245,I'm not interested.,NOT_INTRESTED
200,I'm not interested.,NOT_INTRESTED
550,I'll take me off.,NOT_INTRESTED
390,"No, thank you.",NOT_INTRESTED
420,"how many times do you want to call, buddy",DNC
574,dont call here again,DNC
158,Please stop calling.,DNC
646,Could you take my number off your,DNC
832,"I'm not interested,",NOT_INTRESTED
132,"No, thank you.",NOT_INTRESTED
402,it's a scam.,DNC
965,My name and number off of your list.,DNC
948,"No, I'm not interested.",NOT_INTRESTED
350,I'd like to learn more about your grandma's asshole,DNC
290,I'm not interested in any life insurance.,NOT_INTRESTED
549,motherfucker,DNC
116,Please add me to your do not call list,DNC
590,No. Thank you.,NOT_INTRESTED
898,", I'm not interested in this plan",NOT_INTRESTED
113,"Don't call this number again, put on your no-call list.",DNC
843,I don't need any,NOT_INTRESTED
323,I don't need any,NOT_INTRESTED
696,Why would I be getting these calls every two minutes?,DNC
458,I'm not interested.,NOT_INTRESTED
357,I would like for you to remove us from your call list.,DNC
430,I'm not interested.,NOT_INTRESTED
632,Can you put me on the do not call,DNC
417,Do not call.,DNC
899,No. Okay.,NOT_INTRESTED
497,I'm not interested.,NOT_INTRESTED
812,I'm not even interested,NOT_INTRESTED
826,don't call me no more with it,DNC
742,put me on a do not call this.,DNC
72,Please take me off your list.,DNC
903,We don't need any of them.,NOT_INTRESTED
98,Will you let me fucking talk,DNC
531,I don't want it.,NOT_INTRESTED
884,Can you take my name off this?,DNC
434,Can you remove me from your callers,DNC
283,Not interested.,NOT_INTRESTED
817,please take my name and number off of your calling list.,DNC
233,I'm going to talk to you and quit calling.,DNC
619,Leave me alone. Take me off your call list.,DNC
299,. I am not interested in anything else.,NOT_INTRESTED
849,Do you need to speak to someone in the braces side or general dentistry?,DNC
573,Stop calling this number.,DNC
340,I don't like deals over the phone,NOT_INTRESTED
609,I'm not interested in life insurance.,NOT_INTRESTED
588,You can call me for this shit.,DNC
763,I can't talk right now.,NOT_INTRESTED
888,You want to fuck?,DNC
882,I'm not interested in it,NOT_INTRESTED
471,I'm worth a shit. I'm still alive and kicking.,DNC
235,I don't need no insurance.,NOT_INTRESTED
873,You guys keep calling.,DNC
816,no. Thank you.,NOT_INTRESTED
771,I've asked him many times to take this number off your listings.,DNC
876,We wouldn't be interested in any insurance,NOT_INTRESTED
171,"you just call me yesterday,",DNC
142,you call me 15.,DNC
220,Please take this number off of your list,DNC
46,Please take me off your call list.,DNC
737,Take me off,DNC
304,"No, I don't like that.",NOT_INTRESTED
8,"I'm not interested, thanks",NOT_INTRESTED
20,Could I get put on the do not call,DNC
744,Please don't call me anymore.,DNC
990,I asked you guys to stop calling my numbers.,DNC
79,I'm not interested in it,NOT_INTRESTED
155,I don't need it.,NOT_INTRESTED
193,"You call me last night,",DNC
923,I'm not interested.,NOT_INTRESTED
191,"Take me off your list, please",DNC
650,Not interested.,NOT_INTRESTED
713,"No, no, no,",NOT_INTRESTED
471,I'm not interested.,NOT_INTRESTED
868,I'm not interested.,NOT_INTRESTED
105,"I've got no bullshit today,",DNC
968,"I'm not interested, ma'am.",NOT_INTRESTED
653,don't bother calling me.,DNC
842,I do not want insurance.,NOT_INTRESTED
541,I don't appreciate this call.,NOT_INTRESTED
504,let me tell you I have to tell you not to call me.,DNC
163,"No, thank you.",NOT_INTRESTED
463,Don't call no more.,DNC
698,Would you stop calling here?,DNC
141,I'm not interested,NOT_INTRESTED
507,I told you not to keep going,DNC
794,"No, thank you.",NOT_INTRESTED
959,Don't need anything.,NOT_INTRESTED
84,Same as I was last time you called.,DNC
402,I don't need that.,NOT_INTRESTED
725,I'm not interested.,NOT_INTRESTED
991,I don't need that.,NOT_INTRESTED
470,Take me off your calling list.,DNC
136,Do not call me.,DNC
146,Can you remove me off your card and list,DNC
34,So did you get me on doing a call list? I also have to block.,DNC
327,I think you have the wrong number.,DNC
483,I don't need no damn senior benefits.,DNC
417,I don't need any of the life insurance.,NOT_INTRESTED
696,I am not interested in health insurance.,NOT_INTRESTED
95,"No, thank you. Right now.",NOT_INTRESTED
452,I'm not interested in anything.,NOT_INTRESTED
970,I don't need one.,NOT_INTRESTED
946,"Becky, shut the fuck up",DNC
552,fuck off,DNC
624,Can you remove my number from your...,DNC
708,I don't want to,NOT_INTRESTED
83,Stop calling my phone,DNC
848,"No, no, I don't need",NOT_INTRESTED
400,"At until we stop calling, yeah, got in somewhere.",DNC
623,I'm not interested.,NOT_INTRESTED
50,I'm not interested in overshoring,NOT_INTRESTED
98,Not interested.,NOT_INTRESTED
181,I don't need that.,NOT_INTRESTED
893,your calling list.,DNC
668,y'all keep calling.,DNC
286,I'm not interested.,NOT_INTRESTED
49,I'm not interested.,NOT_INTRESTED
405,I don't need it.,NOT_INTRESTED
583,Please take me off this list.,DNC
897,Stop calling me with this shit.,DNC
978,Put me on your no call list.,DNC
329,Take me off your list right now.,DNC
26,Don't call me again.,DNC
179,Don't need any senior benefits or anything else.,NOT_INTRESTED
732,You stupid sandnegger!,DNC
120,"Would you take me off your list,",DNC
552,I don't need this,NOT_INTRESTED
852,this is my daughter's phone you're calling. So if you could just remove the number,DNC
900,I'm not interested.,NOT_INTRESTED
506,"You will fucking die. You will fucking die. You got it, right?",DNC
459,I don't need the more.,NOT_INTRESTED
730,We don't need that.,NOT_INTRESTED
689,"Oh, no, thank you",NOT_INTRESTED
805,I don't need any of them,NOT_INTRESTED
804,Please take us off of your...,DNC
82,you call me 17 times this and I told you that I answer.,DNC
624,I'm not interested.,NOT_INTRESTED
238,I'm not interested in the program.,NOT_INTRESTED
561,Don't call me back again.,DNC
237,I don't need those license services.,NOT_INTRESTED
845,Take me off the list.,DNC
188,"No, thank you.",NOT_INTRESTED
60,You need to go fuck yourself.,DNC
61,quick calling here. ,DNC
159,I'm not interested.,NOT_INTRESTED
259,I don't need any insurers from you,NOT_INTRESTED
926,I don't need it.,NOT_INTRESTED
142,I don't want to participate in anything.,NOT_INTRESTED
776,you've got to remove my number from your list. I'm going to have to remove my number from your list.,DNC
485,"No, no, no,",NOT_INTRESTED
729,will you please quit calling me?,DNC
444,I'm not interested.,NOT_INTRESTED
879,You take me off your call list.,DNC
354,Would you please take me off your call list? Thank you.,DNC
794,Stop calling.,DNC
136,I'm not interested.,NOT_INTRESTED
797,harassment. Every five minutes I get a phone call from you guys.,DNC
210,Take me off the coldes,DNC
209,I'm not interested,NOT_INTRESTED
533,I'm not interested.,NOT_INTRESTED
78,Please set me off your list.,DNC
66,I'm not interested,NOT_INTRESTED
582,Will y'all please stop calling?,DNC
966,Thank you so much for connecting with the Unlule Insurance Coats on our recorded line.,DNC
887,Will you please stop. Call me.,DNC
641,I don't need life insurance.,NOT_INTRESTED
296,Take me off your list,DNC
651,I don't need no live insurance.,NOT_INTRESTED
90,please quit calling me,DNC
339,"Can you remove our number from your listing,",DNC
888,I'm not interested.,NOT_INTRESTED
522,I don't need funeral expenses,NOT_INTRESTED
130,"If you could remove my name, it'd save us both some time.",DNC
218,Could you just remove me from this calling one,DNC
655,"I'm kind of not interested,",NOT_INTRESTED
464,We wouldn't be interested.,NOT_INTRESTED
951,"No, thank you",NOT_INTRESTED
929,Can you take me off the call list?,DNC
871,I'm not,NOT_INTRESTED
766,I don't need any other.,NOT_INTRESTED
883,Fuck you,DNC
361,We don't need not be.,NOT_INTRESTED
666,Don't call me again.,DNC
892,No. No.,NOT_INTRESTED
934,I am not interested in this right now.,NOT_INTRESTED
137,You just called me 10 minutes ago.,DNC
154,I don't need no burial law insurance.,NOT_INTRESTED
987,"I didn't want... No, no, no, no. I don't want",NOT_INTRESTED
378,I don't need it.,NOT_INTRESTED
915,Don't fucking call my motherfucking phone again,DNC
413,I'm not interested.,NOT_INTRESTED
384,I don't want anything else.,NOT_INTRESTED
17,I don't think about it.,NOT_INTRESTED
975,Why don't you go fuck yourself with what these fucking calls I myself on your fucking cost?,DNC
654,I'm not interested in it,NOT_INTRESTED
355,I'm not really interested.,NOT_INTRESTED
297,You're a line sack of shit scammer.,DNC
178,you did that crap.,DNC
80,Do not call here again.,DNC
967,I'm not interested in this. I'm not interested in this.,NOT_INTRESTED
539,Can you stop calling me?,DNC
520,That's how I'm going to go fucking...,DNC
950,"Maybe when I'm dead, I have no way of knowing if I'll pay for it and when I get. So that's why I don't go for that.",NOT_INTRESTED
80,"No, not interested. Not interested",NOT_INTRESTED
297,I don't need final expense insurance.,NOT_INTRESTED
509,you need to stop calling.,DNC
937,I don't need any more.,NOT_INTRESTED
943,Fuck off.,DNC
885,I don't need that,NOT_INTRESTED
447,So please take me off your call list or I'll report you guys.,DNC
87,I will contact if you do not quit calling this number or race this number.,DNC
89,I'm not interested. I'm not interested,NOT_INTRESTED
306,I'm not interested,NOT_INTRESTED
40,don't bother me with that shit,DNC
96,But take me off the list,DNC
405,I have a number you dumbass.,DNC
721,I'm not interested in any insurance,NOT_INTRESTED
205,This is a business.,DNC
597,Thank you for calling Sandy a laboratory federal credit.,DNC
822,you get a carrot in sticking in your asshole,DNC
1,No. No,NOT_INTRESTED
422,So would you take me off your list,DNC
138,I'm not interested,NOT_INTRESTED
189,I'm not interested.,NOT_INTRESTED
870,m not interested in buying.,NOT_INTRESTED
446,Please don't ever call me anymore,DNC
931,keep getting calls from you all.,DNC
524,"I just fucking cussed you out of here, bitch. Don't call here.",DNC
917,"Oh, no, thank you",NOT_INTRESTED
899,How about y'all quit fucking calling me?,DNC
966,"I'm not ready to die yet Becky, but I appreciate it.",NOT_INTRESTED
614,Take me off your,DNC
373,I don't need any senior benefits.,NOT_INTRESTED
164,No. Thank you.,NOT_INTRESTED
542,I'm not interested.,NOT_INTRESTED
726,Fuck you,DNC
740,add me to your do not call list.,DNC
276,I'm not interested.,NOT_INTRESTED
107,I don't need it.,NOT_INTRESTED
834,"No, not right now.",NOT_INTRESTED
47,Take my name off your list,DNC
419,"No, thank you.",NOT_INTRESTED
231,I'm not interested with this time.,NOT_INTRESTED
596,none of your business.,NOT_INTRESTED
698,", I'm not interested.",NOT_INTRESTED
914,"Can you get me up the list, please?",DNC
185,I don't need any help.,NOT_INTRESTED
269,I don't need to give you a pricing,NOT_INTRESTED
420,I don't need it.,NOT_INTRESTED
521,I don't need you,NOT_INTRESTED
749,I don't need you,NOT_INTRESTED
175,How won't you put me on a no-call list?,DNC
760,Could you delete my number?,DNC
2,I'm not even interested,NOT_INTRESTED
780,please remove our number from your,DNC
752,I don't need any.,NOT_INTRESTED
68,"No, thank you.",NOT_INTRESTED
437,you called me this morning James,DNC
862,"No, not at this time,",NOT_INTRESTED
239,"No, bitch. Hang up.",DNC
548,Please take this number off the list,DNC
412,put me on your do not call list because I'm not a senior and I just keep getting these calls.,DNC
314,You people have been calling me every day for like two months,DNC
972,"Fuck y'all,",DNC
831,I'm not interested.,NOT_INTRESTED
842,Please don't call me back.,DNC
860,get my number off this damn list.,DNC
502,please just don't call again.,DNC
733,Please quit calling. Please quit calling.,DNC
475,"I think you've got the wrong number,",DNC
572,"No, I'm not",NOT_INTRESTED
502,We don't need that.,NOT_INTRESTED
635,would y'all take me off the list?,DNC
824,none of your business.,NOT_INTRESTED
826,I'm not interested.,NOT_INTRESTED
33,Take me off your calling list,DNC
665,I'm not interested.,NOT_INTRESTED
587,"No, I didn't buy anything.",NOT_INTRESTED
206,I told you not to call me,DNC
657,Remove me from your calling.,DNC
767,No ma'am,NOT_INTRESTED
392,I don't give out personal information.,NOT_INTRESTED
661,". I don't need insurance,",NOT_INTRESTED
443,You called the hospital,DNC
493,Take me off the list,DNC
513,"I don't want you to call me again, please.",DNC
691,That's not okay.,NOT_INTRESTED
450,They were supposed to take my number and not call me anymore because there's a problem.,DNC
376,Can you take us off your call list please,DNC
54,"No, thank you. ",NOT_INTRESTED
796,Do not call,DNC
867,Not really.,NOT_INTRESTED
316,I don't want any,NOT_INTRESTED
369,I'm not interested.,NOT_INTRESTED
820,I'm not interested.,NOT_INTRESTED
251,Please delete my number,DNC
555,"Becky, no more calls please.",DNC
891,I'm not interested in that.,NOT_INTRESTED
301,I'm not interested in that.,NOT_INTRESTED
262,Stop calling me.,DNC
373,what the fuck you calling me for?,DNC
392,Please stop calling,DNC
793,You'll call me like five million times.,DNC
231,you're calling a hospital home,DNC
983,I'm not interested now.,NOT_INTRESTED
292,I don't need it.,NOT_INTRESTED
866,you are damn liar.,DNC
395,Can you please remove my phone number from your list?,DNC
959,take me off of your call list,DNC
823,I don't need nothing like that,NOT_INTRESTED
103,do not want no life insurance,NOT_INTRESTED
576,Shut up!,DNC
160,"No, I wouldn't.",NOT_INTRESTED
206,I'm not interested in thank you.,NOT_INTRESTED
91,So take me off your list.,DNC
358,I don't need any more help.,NOT_INTRESTED
48,I'm not interested,NOT_INTRESTED
605,If you could take me off your list,DNC
100,but I'm not interested right now,NOT_INTRESTED
586,I'm not interested,NOT_INTRESTED
372,I would appreciate it if he would stop calling me,DNC
953,"No, thank you.",NOT_INTRESTED
495,could you take me off,DNC
439,Will you please stop calling me,DNC
309,I don't need no money.,NOT_INTRESTED
24,No interest. Goodby,NOT_INTRESTED
588,no. Thank you.,NOT_INTRESTED
720,I am not interested in it,NOT_INTRESTED
785,I wish that you would just quit calling me.,DNC
230,never call me again,DNC
885,Stop calling me,DNC
511,"No, we're not enticing this.",NOT_INTRESTED
343,So quit wasting my time.,DNC
572,Take the off the list.,DNC
292,Did you call me last week too?,DNC
68,"I'm good, motherfucker.",DNC
377,You move my number to your lead.,DNC
56,This is a business office and industrialization specialist.,DNC
454,I don't need nothing.,NOT_INTRESTED
13,I don't need none,NOT_INTRESTED
495,"No, no, no, no, no, no.",NOT_INTRESTED
76,Please take me over your calling list.,DNC
658,No. Thank you,NOT_INTRESTED
287,Take us off your calling list.,DNC
857,I'd like to be removed from,DNC
639,Fuck you,DNC
62,I'm going to go fuck yourself.,DNC
28,I'm not interested,NOT_INTRESTED
637,How many times you gonna call me?,DNC
326,Would you please stop coming?,DNC
219,I don't need the coverage,NOT_INTRESTED
275,"I'm not only no fucking fixed income. I work my ass off every day, put me on a do not call you.",DNC
591,don't call me back. Take my name off.,DNC
477,I don't need all of that,NOT_INTRESTED
313,you're calling a hospital.,DNC
806,I don't need anything,NOT_INTRESTED
354,I don't need that stuff anymore.,NOT_INTRESTED
82,I don't want my insurance,NOT_INTRESTED
571,Not interested.,NOT_INTRESTED
615,I don't need any,NOT_INTRESTED
954,Stop fucking calling my goddamn phone.,DNC
693,"No, thank you.",NOT_INTRESTED
347,fuck yourself.,DNC
245,This is a business,DNC
53,Please quit calling.,DNC
222,I don't need life insurance,NOT_INTRESTED
982,Y'all are scammers. Stop calling me.,DNC
244,"You were supposed to take my name off the call list,",DNC
525,It's not in your business.,NOT_INTRESTED
84,I'm not interested.,NOT_INTRESTED
745,please don't call again.,DNC
939,I'm just not interested.,NOT_INTRESTED
165,I'm not an interest.,NOT_INTRESTED
366,I'm not interested.,NOT_INTRESTED
143,you can remove the phone number?,DNC
409,I wouldn't be interested.,NOT_INTRESTED
468,I am not interested in health insurance.,NOT_INTRESTED
260,I don't want it.,NOT_INTRESTED
94,because I'm not interested,NOT_INTRESTED
364,I don't need to talk to him.,NOT_INTRESTED
930,"Oh, no, thank you.",NOT_INTRESTED
593,I keep asking people to take me off.,DNC
246,Would you take me off your calling list?,DNC
45,I am having sex with your mom.,DNC
353,I'm not interested.,NOT_INTRESTED
506,I'm not interested in all of you,NOT_INTRESTED
633,I don't need that.,NOT_INTRESTED
674,Delete this number.,DNC
1,please don't call me back.,DNC
54,And you go fuck yourself James?,DNC
999,I'm not interested.,NOT_INTRESTED
274,You must have the wrong number,DNC
925,You take me off your call list,DNC
22,I'm not really interested in,NOT_INTRESTED
300,"No, thank you.",NOT_INTRESTED
703,Can you remove me from your calling list?,DNC
813,"No, thank you.",NOT_INTRESTED
851,I'm not interested.,NOT_INTRESTED
58,"Fine, but I don't need any senior benefits",NOT_INTRESTED
283,Every day you bother me.,DNC
381,I don't believe I need that.,NOT_INTRESTED
109,But you don't need to call me no more,DNC
246,not interested.,NOT_INTRESTED
638,"No, I don't want",NOT_INTRESTED
118,I don't need any senior benefits,NOT_INTRESTED
125,I don't need,NOT_INTRESTED
356,you guys call me a thousand times a day.,DNC
669,"No, thank you",NOT_INTRESTED
877,I would appreciate you guys not calling me anymore.,DNC
815,This is a hospital,DNC
671,No. Okay.,NOT_INTRESTED
901,Please take me off your list.,DNC
792,"No, I'm not.",NOT_INTRESTED
426,You have the wrong number.,DNC
655,can you please take me off this list?,DNC
970,Can you guys please stop calling me?,DNC
418,I'm not interested.,NOT_INTRESTED
162,"No, thank you",NOT_INTRESTED
5,"Oh, I'm not interested",NOT_INTRESTED
749,Get this off the phone.,DNC
613,do not need no interest.,NOT_INTRESTED
864,I'm not interested.,NOT_INTRESTED
111,"you're not leaving me alone, are you?",DNC
690,"could you please take my number off your list, please?",DNC
788,"Becky, get a real fucking job.",DNC
529,I got everything set up,NOT_INTRESTED
849,"but no, thank you.",NOT_INTRESTED
612,I'm not interested in benefits.,NOT_INTRESTED
892,fuck.,DNC
90,I'm not interested.,NOT_INTRESTED
38,Take me off your call.,DNC
823,you're calling to another main treat school.,DNC
859,", I'm not interested.",NOT_INTRESTED
451,Quit calling me all the time.,DNC
860,I'm not.,NOT_INTRESTED
404,please stop calling this number. I would appreciate it.,DNC
581,"No, I'm not.",NOT_INTRESTED
639,Not really.,NOT_INTRESTED
36,I don't need none of that stuff. I'm already got this.,NOT_INTRESTED
287,I don't need any insurance.,NOT_INTRESTED
281,I wish you guys would stop calling my number.,DNC
433,I'm not interested.,NOT_INTRESTED
236,I'll be a lot better if you guys could call me all the time,DNC
225,stop calling me.,DNC
131,I don't want to know a goddamn thing. ,DNC
789,I'm really not interested in,NOT_INTRESTED
346,Please take me off the list.,DNC
963,you removed me from your list,DNC
271,I don't need it.,NOT_INTRESTED
232,I'm not taking out any more insurance.,NOT_INTRESTED
601,"no, I don't need you",NOT_INTRESTED
27,Why do you guys keep calling me?,DNC
868,Can you please take me off your calling list?,DNC
967,can you take me off the list,DNC
667,wrong number.,DNC
704,I'm not interested.,NOT_INTRESTED
344,I run a business and I get about 20 calls a day from y'all.,DNC
294,I don't need it.,NOT_INTRESTED
311,you have called me before.,DNC
241,"No, thank you.",NOT_INTRESTED
216,Please don't call here anymore.,DNC
676,I'm not interested.,NOT_INTRESTED
226,Can you quit calling me?,DNC
70,I'm not interested,NOT_INTRESTED
195,Take me off of your call list.,DNC
169,I don't need them.,NOT_INTRESTED
363,please put me on the do not call list because they call me 1200 times a day?,DNC
582,I won't need it.,NOT_INTRESTED
381,I don't understand why they keep calling me,DNC
985,Stop calling.,DNC
777,I don't think I was interested.,NOT_INTRESTED
56,I don't need a license insurance,NOT_INTRESTED
164,You call me everyday,DNC
144,so quit sussin' call on me.,DNC
307,i'm not interested.,NOT_INTRESTED
735,I don't need that.,NOT_INTRESTED
52,"No, I don't need it",NOT_INTRESTED
648,We wouldn't be interested in any insurance,NOT_INTRESTED
228,I'm not interested in.,NOT_INTRESTED
273,I don't need you.,NOT_INTRESTED
150,please don't call.,DNC
377,I'm not interested.,NOT_INTRESTED
672,I'm not interested.,NOT_INTRESTED
699,please stop calling us.,DNC
919,That's not okay.,NOT_INTRESTED
135,I'm not really interested,NOT_INTRESTED
844,Can you please take my number off this phone call?,DNC
554,I'm not interested.,NOT_INTRESTED
534,Let the fuck up the dog home and fucking phone asshole.,DNC
186,Stop calling motherfucker.,DNC
148,Please don't call me again,DNC
446,I don't need to,NOT_INTRESTED
712,Please take me off the call list.,DNC
518,"No, no.",NOT_INTRESTED
905,"No, thank you",NOT_INTRESTED
452,Take me off your name and calling with us.,DNC
388,I don't need that.,NOT_INTRESTED
490,I'm not interested now.,NOT_INTRESTED
753,It's not in your business.,NOT_INTRESTED
157,you really need to stop calling me.,DNC
566,I would be real good if people would quit calling me from Senior Benefits.,DNC
886,No. Thank you,NOT_INTRESTED
784,You have the wrong number. You have the wrong number. You have the wrong number.,DNC
692,We wouldn't be interested.,NOT_INTRESTED
370,I don't need anything.,NOT_INTRESTED
438,I don't want to have that.,NOT_INTRESTED
424,Will you please quit calling me,DNC
637,I don't need nothing.,NOT_INTRESTED
214,I just wish you guys stop calling me just a waste of all of our time then.,DNC
409,Don't call me no damn.,DNC
598,I'm not interested.,NOT_INTRESTED
211,Can you take me off your phone list?,DNC
121,And you rather the fucking guy. You fucked up.,DNC
331,Take this number off of your list.,DNC
609,Please remove me from your call list.,DNC
227,You've called the place of business.,DNC
21,I'm not interested,NOT_INTRESTED
983,if you took me off your call list,DNC
111,. I'm not interested,NOT_INTRESTED
607,I am not interested.,NOT_INTRESTED
556,I don't want to do anything.,NOT_INTRESTED
218,I'm still not interested.,NOT_INTRESTED
719,Don't need it,NOT_INTRESTED
854,This is a business line.,DNC
568,what the fuck do you want?,DNC
372,I don't need anything like that,NOT_INTRESTED
2,Don't call me.,DNC
310,Stop calling my phone moron.,DNC
336,This is a business.,DNC
771,No.,NOT_INTRESTED
404,I don't need life insurance at this point,NOT_INTRESTED
403,Motherfucker. Is your mama 40?,DNC
401,We are pleased to stop calling me by some senior benefits.,DNC
835,I am not interested.,NOT_INTRESTED
183,Five people call me to while you want over the same thing they don't tell you,DNC
9,You know what? I don't want to do this,NOT_INTRESTED
775,"No, thank you.",NOT_INTRESTED
564,Stop calling me.,DNC
149,Please stop calling me.,DNC
37,I'm not interested,NOT_INTRESTED
184,That's none of your goddamn business,DNC
293,This is the third time you guys are called,DNC
476,I'm not interested.,NOT_INTRESTED
968,"Well, stop calling. Well, stop calling.",DNC
144,I'm not interested,NOT_INTRESTED
285,you call me every day,DNC
493,I'm not interested in any insurance,NOT_INTRESTED
126,Stop calling me.,DNC
26, I'm not interested in insurance,NOT_INTRESTED
569,I'll be real good when you take my name off the list.,DNC
261,I don't think I'm interested.,NOT_INTRESTED
101,You guys comment 10 times a day.,DNC
272,I don't need anything.,NOT_INTRESTED
280,I wish you all a quick calling,DNC
423,"No, thank you.",NOT_INTRESTED
727,Eat a fat bag of dicks and go suck a fucking,DNC
559,We are definitely not interested in,NOT_INTRESTED
261,Have to keep calling me,DNC
760,We don't need it.,NOT_INTRESTED
728,I'm not in the middle of your funeral.,NOT_INTRESTED
949,Don't call in my phone.,DNC
59,Take my name and call me,DNC
133,I think you caught wrong place,DNC
743,You call me a dozen times and I've asked her not to keep calling.,DNC
114,"No, not at this time.",NOT_INTRESTED
138,Take my name off.,DNC
664,Just take me off the call,DNC
320,I don't need anything,NOT_INTRESTED
678,"I'm not interested,",NOT_INTRESTED
711,", I'm not interested",NOT_INTRESTED
200,Why don't you take me off your call list?,DNC
251,I don't need to serve your service.,NOT_INTRESTED
37,Please don't call me back again,DNC
923,this is the fifth time I've asked you guys to quit.,DNC
133,I don't need this.,NOT_INTRESTED
86,you need to take me off of your call list please.,DNC
